Name,Probability
Smith,0.03565
Johnson,0.02821
Williams,0.02372
Brown,0.02097
Jones,0.0208
Garcia,0.01702
Miller,0.01695
Davis,0.01629
Rodriguez,0.01598
Martinez,0.01548
Hernandez,0.01522
Lopez,0.01276
Gonzalez,0.01228
Wilson,0.01171
Anderson,0.01145
Thomas,0.01104
Taylor,0.01097
Moore,0.01057
Jackson,0.01034
Martin,0.01025
Lee,0.01011
Perez,0.00995
Thompson,0.00969
White,0.00964
Harris,0.00911
Sanchez,0.00894
Clark,0.00821
Ramirez,0.00814
Lewis,0.00777
Robinson,0.00774
Walker,0.00764
Young,0.00707
Allen,0.00704
King,0.0068
Wright,0.0067
Scott,0.00641
Torres,0.0064
Nguyen,0.00638
Hill,0.00634
Flores,0.00634
Green,0.00628
Adams,0.00624
Nelson,0.0062
Baker,0.00613
Hall,0.00594
Rivera,0.00571
Campbell,0.00564
Mitchell,0.00561
Carter,0.0055
Roberts,0.0055
Gomez,0.00534
Phillips,0.00527
Evans,0.00518
Turner,0.00508
Diaz,0.00507
Parker,0.00491
Cruz,0.00488
Edwards,0.00485
Collins,0.00481
Reyes,0.00478
Stewart,0.00474
Morris,0.00465
Morales,0.00455
Murphy,0.0045
Cook,0.00441
Rogers,0.00441
Gutierrez,0.00428
Ortiz,0.00418
Morgan,0.00418
Cooper,0.0041
Peterson,0.00405
Bailey,0.00405
Reed,0.00404
Kelly,0.0039
Howard,0.00387
Ramos,0.00384
Kim,0.00383
Cox,0.00381
Ward,0.0038
Richardson,0.0038
Watson,0.00368
Brooks,0.00367
Chavez,0.00366
Wood,0.00366
James,0.00364
Bennett,0.00361
Gray,0.0036
Mendoza,0.00354
Ruiz,0.00348
Hughes,0.00346
Price,0.00343
Alvarez,0.00341
Castillo,0.00337
Sanders,0.00336
Patel,0.00336
Myers,0.00336
Long,0.00334
Ross,0.00334
Foster,0.00333
Jimenez,0.00331
Powell,0.00328
Jenkins,0.00326
Perry,0.00324
Russell,0.00323
Sullivan,0.00323
Bell,0.00321
Coleman,0.0032
Butler,0.0032
Henderson,0.00318
Barnes,0.00318
Gonzales,0.00314
Fisher,0.00313
Vasquez,0.0031
Simmons,0.00307
Romero,0.00304
Jordan,0.00304
Patterson,0.003
Alexander,0.00298
Hamilton,0.00294
Graham,0.00294
Reynolds,0.00293
Griffin,0.0029
Wallace,0.00288
Moreno,0.00287
West,0.00286
Cole,0.00286
Hayes,0.00284
Bryant,0.00281
Herrera,0.00281
Gibson,0.00278
Ellis,0.00276
Tran,0.00276
Medina,0.00276
Aguilar,0.00273
Stevens,0.00271
Murray,0.0027
Ford,0.0027
Castro,0.00268
Marshall,0.00268
Owens,0.00267
Harrison,0.00264
Fernandez,0.00264
Mcdonald,0.00263
Woods,0.00258
Washington,0.00258
Kennedy,0.00258
Wells,0.00257
Vargas,0.00254
Henry,0.0025
Chen,0.00247
Freeman,0.00247
Webb,0.00247
Tucker,0.00244
Guzman,0.00244
Burns,0.00243
Crawford,0.0024
Olson,0.0024
Simpson,0.00238
Porter,0.00238
Hunter,0.00237
Gordon,0.00236
Mendez,0.00236
Silva,0.00236
Shaw,0.00234
Snyder,0.00234
Mason,0.00234
Dixon,0.00233
Munoz,0.00231
Hunt,0.00231
Hicks,0.00231
Holmes,0.00228
Palmer,0.00228
Wagner,0.00227
Black,0.00226
Robertson,0.00224
Boyd,0.00224
Rose,0.00224
Stone,0.00224
Salazar,0.00223
Fox,0.00223
Warren,0.00223
Mills,0.00221
Meyer,0.0022
Rice,0.00218
Schmidt,0.00214
Garza,0.00214
Daniels,0.00214
Ferguson,0.00214
Nichols,0.00213
Stephens,0.00211
Soto,0.00211
Weaver,0.0021
Ryan,0.0021
Gardner,0.00208
Payne,0.00208
Grant,0.00207
Dunn,0.00207
Kelley,0.00206
Spencer,0.00204
